Country,ISO_code,Confirmed,Deaths,Recovered,Active,Population,Tests
Afghanistan,AFG,36471,1271,25389,9811,38041754,
Albania,ALB,5105,150,2830,2125,2854191,
Algeria,DZA,29229,1186,19592,8451,43053054,
Andorra,AND,918,52,804,62,77142,
Angola,AGO,1078,48,301,729,31825295,
Antigua and Barbuda,ATG,91,3,67,21,97118,
Argentina,ARG,178996,3288,77855,97853,44938712,560862
Armenia,ARM,37937,723,27824,9390,2957731,
Australia,AUS,16298,189,9619,6490,25364307,2701600
Austria,AUT,20850,716,18528,1606,8877067,583329
Azerbaijan,AZE,31221,438,24495,6288,10023318,
Bahamas,BHS,484,11,91,382,389482,
Bahrain,BHR,40311,144,36920,3247,1641172,808276
Bangladesh,BGD,232194,3035,130292,98867,163046161,761911
Barbados,BRB,110,7,95,8,287025,
Belarus,BLR,67518,548,61442,5528,9466856,850992
Belgium,BEL,67335,9836,17491,40008,11484055,1211031
Belize,BLZ,48,2,27,19,390353,
Benin,BEN,1805,36,1036,733,11801151,
Bhutan,BTN,99,0,86,13,763092,
Bolivia,BOL,73534,2808,22506,48220,11513100,139866
Bosnia and Herzegovina,BIH,11127,316,5441,5370,3301000,
Botswana,BWA,804,2,63,739,2303697,
Brazil,BRA,2552265,90134,1922802,539329,211049527,
Brunei,BRN,141,3,138,0,433285,
Bulgaria,BGR,11155,368,5971,4816,6975761,166455
Burkina Faso,BFA,1105,53,931,121,20321378,
Myanmar,MMR,351,6,294,51,54045420,74658
Burundi,BDI,387,1,304,82,11530580,
Cabo Verde,CPV,2373,23,1694,656,549935,
Cambodia,KHM,226,0,147,79,16486542,
Cameroon,CMR,17255,391,15320,1544,25876380,
Canada,CAN,117357,8962,101992,6404,37589262,3863930
Central African Republic,CAF,4605,59,1574,2972,4745185,
Chad,TCD,926,75,813,38,15946876,
Chile,CHL,351575,9278,324557,17740,18952038,1059198
China,CHN,87680,4665,81034,1981,1397715000,
Colombia,COL,276055,9454,142777,123824,50339443,944155
Comoros,COM,378,7,330,41,850886,
Congo (Brazzaville),COG,3200,54,829,2317,5380508,
Congo (Kinshasa),COD,8931,210,6095,2626,86790567,980586
Costa Rica,CRI,16800,133,4050,12617,5047561,71428
Cote d'Ivoire,CIV,15813,99,10793,4921,25716544,64837
Croatia,HRV,4993,141,4099,753,4067500,115722
Cuba,CUB,2588,87,2353,148,11333483,172195
Cyprus,CYP,1080,19,852,209,1198575,
Czechia,CZE,16093,374,11429,4290,10669709,452776
Denmark,DNK,13868,614,12686,568,5818553,980586
Djibouti,DJI,5081,58,4999,24,973560,
Dominica,DMA,18,0,18,0,71808,
Dominican Republic,DOM,66182,1123,33947,31112,10738958,
Ecuador,ECU,83193,5623,35572,41998,17373662,176208
Egypt,EGY,93356,4728,37025,51603,100388073,
El Salvador,SLV,15841,430,8071,7340,6453553,155235
Equatorial Guinea,GNQ,3071,51,842,2178,1355986,
Eritrea,ERI,265,0,191,74,3552785,
Estonia,EST,2042,69,1926,47,1326590,78992
Eswatini,SWZ,2551,40,1070,1441,1148130,
Ethiopia,ETH,15810,253,6685,8872,112078730,221958
Fiji,FJI,27,0,18,9,889953,4298
Finland,FIN,7414,329,6950,135,5520314,233793
France,FRA,185196,30226,81443,109408,67059887,3413976
Gabon,GAB,7352,49,4943,2360,2172579,
Gambia,GMB,326,8,66,252,2347706,
Georgia,GEO,1155,17,929,209,3720382,
Germany,DEU,208546,9135,191279,8132,83132799,5364347
Ghana,GHA,35142,175,31286,3681,30417856,382752
Greece,GRC,4336,203,1374,2759,10716322,342673
Grenada,GRD,23,0,23,0,112003,
Guatemala,GTM,47605,1835,34488,11282,16604026,
Guinea,GIN,7183,46,6404,733,12771246,
Guinea-Bissau,GNB,1954,26,803,1125,1920922,
Guyana,GUY,398,20,185,193,782766,
Haiti,HTI,7378,159,4467,2752,11263077,
Honduras,HND,40944,1259,5281,34404,9746117,
Hungary,HUN,4465,596,3339,530,9769949,221270
Iceland,ISL,1861,10,1823,28,361313,46310
India,IND,1581963,34955,1019735,527273,1366417754,11888829
Indonesia,IDN,104432,4975,62138,37319,270625568,841027
Iran,IRN,298909,16343,259116,23450,82913906,1611999
Iraq,IRQ,118300,4603,83461,30236,39309783,
Ireland,IRL,25942,1764,23364,814,4941444,418510
Israel,ISR,68299,491,32746,35062,9053300,1047818
Italy,ITA,246776,35129,199031,12616,60297396,3998585
Jamaica,JAM,856,10,724,122,2948279,
Japan,JPN,33382,1001,23351,9030,126264931,765346
Jordan,JOR,1187,11,1049,127,10101694,
Kazakhstan,KAZ,87664,793,57815,29056,18513930,1221686
Kenya,KEN,19125,311,8021,10793,52573973,284500
"Korea, South",KOR,14269,300,13132,837,51709098,1527981
Kosovo,XKX,7846,196,4267,3383,1794248,
Kuwait,KWT,65903,444,56467,8992,4207083,331194
Kyrgyzstan,KGZ,34592,1347,22296,10949,6456900,
Laos,LAO,20,0,19,1,7169455,
Latvia,LVA,1224,31,1052,141,1912789,130878
Lebanon,LBN,4205,55,1753,2397,6855713,
Lesotho,LSO,576,13,141,422,2125268,
Liberia,LBR,1179,72,664,443,4937374,
Libya,LBY,3222,76,596,2550,6777452,
Liechtenstein,LIE,88,1,85,2,38019,
Lithuania,LTU,2043,80,1643,320,2786844,342695
Luxembourg,LUX,6533,114,4959,1460,619896,416012
Madagascar,MDG,10317,99,7117,3101,26969307,
Malawi,MWI,3738,103,1728,1907,18628747,
Malaysia,MYS,8956,124,8612,220,31949777,955133
Maldives,MDV,3567,15,2554,998,530953,50621
Mali,MLI,2521,124,1927,470,19658031,
Malta,MLT,720,9,665,46,502653,75872
Mauritania,MRT,6273,156,4776,1341,4525696,
Mauritius,MUS,344,10,332,2,1265711,
Mexico,MEX,408449,45361,314538,48550,127575529,809561
Moldova,MDA,23947,759,16785,6403,2657637,
Monaco,MCO,120,4,105,11,38964,
Mongolia,MNG,291,0,225,66,3225167,
Montenegro,MNE,3016,47,931,2038,622137,
Morocco,MAR,22213,334,17125,4754,36471769,1188801
Mozambique,MOZ,1748,11,616,1121,30366036,
Namibia,NAM,1986,9,104,1873,2494530,
Nepal,NPL,19273,49,14021,5203,28608710,232685
Netherlands,NLD,53895,6166,196,47533,17332850,962965
New Zealand,NZL,1560,22,1514,24,4917000,308258
Nicaragua,NIC,3672,116,2492,1064,6545502,
Niger,NER,1132,69,1027,36,23310715,
Nigeria,NGA,42208,873,19004,22331,200963599,182749
North Macedonia,MKD,10503,476,5931,4096,2083459,
Norway,NOR,9172,255,8752,165,5347896,414789
Oman,OMN,78569,412,60240,17917,4974986,
Pakistan,PAK,276288,5892,244883,25513,216565318,1293895
Panama,PAN,63269,1374,37316,24579,4246439,139808
Papua New Guinea,PNG,63,1,11,51,8776109,
Paraguay,PRY,4866,46,3169,1651,7044636,79905
Peru,PER,400683,18816,280044,101823,32510453,
Philippines,PHL,85486,1962,26996,56528,108116615,1327782
Poland,POL,44416,1694,33190,9532,37970874,1887072
Portugal,PRT,50613,1725,35875,13013,10269417,1046532
Qatar,QAT,110153,169,106849,3135,2832067,326596
Romania,ROU,48235,2269,26446,19520,19356544,773367
Russia,RUS,827509,13650,619204,194655,144373535,18472476
Rwanda,RWA,1963,5,1036,922,12626950,248294
Saint Kitts and Nevis,KNA,17,0,15,2,52823,
Saint Lucia,LCA,24,0,22,2,182790,
Saint Vincent and the Grenadines,VCT,52,0,39,13,110589,
San Marino,SMR,699,42,657,0,33860,
Sao Tome and Principe,STP,868,15,766,87,215056,
Saudi Arabia,SAU,272590,2816,228569,41205,34268528,3228443
Senegal,SEN,9961,200,6655,3106,16296364,72323
Serbia,SRB,24892,558,0,24334,6944975,650744
Seychelles,SYC,114,0,39,75,97625,
Sierra Leone,SLE,1803,67,1355,381,7813215,
Singapore,SGP,51531,27,46098,5406,5703569,616310
Slovakia,SVK,2245,28,1660,557,5454073,172556
Slovenia,SVN,2115,117,1761,237,2087946,86008
Somalia,SOM,3212,93,1562,1557,15442905,
South Africa,ZAF,471123,7497,297967,165659,58558270,2830635
South Sudan,SSD,2322,46,1175,1101,11062113,
Spain,ESP,282641,28441,150376,103824,47076781,2912633
Sri Lanka,LKA,2810,11,2317,482,21803000,
Sudan,SDN,11496,725,6001,4770,42813238,
Suriname,SUR,1607,26,1003,578,581372,
Sweden,SWE,79782,5730,0,74052,10285453,597850
Switzerland,CHE,34802,1979,31100,1723,8574832,521036
Syria,SYR,717,40,229,448,17070135,
Tajikistan,TJK,7320,60,6103,1157,9321018,
Tanzania,TZA,509,21,183,305,58005463,
Thailand,THA,3298,58,3111,129,69625582,370078
Timor-Leste,TLS,24,0,24,0,1293119,
Togo,TGO,896,18,612,266,8082366,25503
Trinidad and Tobago,TTO,156,8,128,20,1394973,
Tunisia,TUN,1488,50,1178,260,11694719,59889
Turkey,TUR,228924,5659,212557,10708,83429615,3125944
Uganda,UGA,1140,2,1028,110,44269594,
Ukraine,UKR,69078,1673,38523,28882,44385155,998299
United Arab Emirates,ARE,59921,347,53202,6372,9770529,3327635
United Kingdom,GBR,303063,46046,1438,255579,66834405,6108983
Uruguay,URY,1237,35,967,235,3461734,65309
United States,USA,4426982,150713,1389425,2102872,328239523,35472800
Uzbekistan,UZB,22585,131,12937,9517,33580650,
Venezuela,VEN,17158,156,10421,6581,28515829,
Vietnam,VNM,459,0,369,90,96462106,261004
Yemen,YEM,1711,485,849,377,29161922,
Zambia,ZMB,5249,146,3285,1818,17861030,
Zimbabwe,ZWE,2879,41,887,1951,14645468,36738
